entity_id	source	business_name	business_name_clean	business_name_clean_with_suffix	business_address	business_address_clean	landmark	country
S1-925783039	S1	Orelee's Barbershop	orelee s barbershop	orelee s barbershop	1795 Westchester Drive, High Point, NC	1795 westchester drive high point nc		us
S1-773889195	S1	Prime Money	prime money	prime money	17560 Ellis Road, Tahlequah, OK	17560 ellis road tahlequah ok		us
S1-377745466	S1	B+ Retail Inc	b retail	b retail incorporated	1712 Montebello Avenue, Phoenix, AZ	1712 montebello avenue phoenix az		us
S1-133037285	S1	Christ Chapel	christ chapel	christ chapel	2100 Cameron Drive, Unit APARTMENT G, Dundalk, MD	2100 cameron drive unit apartment g dundalk md		us
S1-755362802	S1	Prabhav Business Center	prabhav business center	prabhav business center	797, Lake Town Block A, Kolkata, Howrah, West Bengal	797 lake town block a kolkata howrah west bengal		india
S1-851869949	S1	Custom Wealth Services LLC	custom wealth services	custom wealth services llc	OH, Columbus, 5559 Orville Avenue	oh columbus 5559 orville avenue		us
S1-785847572	S1	Consulting Nyasa Nursing Private Limited	consulting nyasa nursing	consulting nyasa nursing private limited	2505, Tower 1, Oakwood, Runwal Greens, Mulund Goreagon Link Road, Near Fortis Hospital, Bhandup West, Mumbai, Maharashtra	2505 tower 1 oakwood runwal greens mulund goreagon link road near fortis hospital bhandup west mumbai maharashtra	fortis hospital	india
S1-27541239	S1	Nexus Anchor Rain	nexus anchor rain	nexus anchor rain	1111 Church Street, Unit 2007, Nashville, TN	1111 church street unit 2007 nashville tn		us
S1-629417405	S1	Moore Bitwise Inc	moore bitwise	moore bitwise incorporated	337 Oakland Avenue, Michigan City, IN	337 oakland avenue michigan city in		us
S1-22305073	S1	Dermatology Green Medicine	dermatology green medicine	dermatology green medicine	294 Meadowcreek Drive, Unit Unit 2, Village Of Pewaukee, WI	294 meadowcreek drive unit unit 2 village of pewaukee wi		us
S2-166376419	S2	राम मार्केटिंग प्राइवेट लिमिटेड	राम मार्केटिंग	राम मार्केटिंग प्राइवेट लिमिटेड	KH NO. -570/13, NEW DELHI, WEST DELHI, Delhi	kh no 570 13 new delhi west delhi delhi		india
S2-764573417	S2	-- Holloway Peak Inc Seafood	holloway peak inc seafood	holloway peak inc seafood	105 ELM ST, MORGANTON, NC	105 elm street morganton nc		us
S2-639257739	S2	आदित्य प्रॉपर्टीज एलएलपी	आदित्य प्रॉपर्टीज	आदित्य प्रॉपर्टीज एलएलपी	G-3/571, GULMOHAR COLONY, BHOPAL, Madhya Pradesh	g 3 571 gulmohar colony bhopal madhya pradesh		india
S2-163963287	S2	Summit Inc	summit	summit incorporated	GREENSBORO, NC, 19 1/2 STARDUST TRAIL	greensboro nc 19 1 2 stardust trail		us
S2-49942811	S2	Delta Tetlecommunication Inc	delta tetlecommunication	delta tetlecommunication incorporated	914 PIERPONT AVE, CLEVELAND, OH	914 pierpont avenue cleveland oh		us
S2-138046867	S2	Lee and Lawson	lee and lawson	lee and lawson	1702 Pine Avenue, CITY OF MENOMONIE, WI	1702 pine avenue city of menomonie wi		us
S2-584977605	S2	SHIVSHAKTI VIDYALAYA VIDYALAYA OVERSEAS CORPORATION | www.shivshakti.com	shivshakti vidyalaya vidyalaya overseas corporation www shivshakti com	shivshakti vidyalaya vidyalaya overseas corporation www shivshakti com	H.NO 204 C ROAD HOSHIARPUR, PUNJAB, Punjab	h no 204 c road hoshiarpur punjab punjab		india
S2-277444929	S2	Shree Infracon Private Ltd	shree infracon	shree infracon private limited	63/2275/7, ALHIND TOWER, FIRST FLOOR, JAFFERKHAN COLONY, KOZHIKODE, Kerala	63 2275 7 alhind tower first floor jafferkhan colony kozhikode kerala		india
S2-721031885	S2	Chavira Platinum Chimera LLC	chavira platinum chimera	chavira platinum chimera llc	282 SAXONY DRIVE, FTT MITCHELL, KY	282 saxony drive ftt mitchell ky		us
S2-508602797	S2	FOUNDATION EXCEL AGENCY PRIVATE  LIMITED	foundation excel agency	foundation excel agency private limited	HN 753 E-1, BHARAT NAGAR, 104/1/1 ERANDWANE, Maharashtra	hn 753 e 1 bharat nagar 104 1 1 erandwane maharashtra		india
S3-202863386	S3	wilfordhancock.com	wilfordhancock com	wilfordhancock com	Mack Rd, Haltom City, Texas	mack road haltom city texas		us
S3-859268022	S3	International South Consultants Private Ltd	international south consultants	international south consultants private limited				india
S3-22467283	S3	LLC Moncada Léarning Center	llc moncada léarning center	llc moncada léarning center	5780 Fawn Ct, Fort Worth, Texas	5780 fawn court fort worth texas		us
S3-671162755	S3	Moyna's Coffee	moyna s coffee	moyna s coffee	1 Ivanhoe Ave, PO Box 6009, Cincinnati, Ohio	1 ivanhoe avenue po box 6009 cincinnati ohio		us
S3-960981775	S3	Pvt. EFS Print Ventures Ltd.	pvt efs print ventures	pvt efs print ventures limited	Door No 183, 41St Cross, 22Nd Main 9Th Block Jayanagar, Bengaluru Urban, Bangalore, ಕರ್ನಾಟಕ	door no 183 41st cross 22nd main 9th block jayanagar bengaluru urban bangalore ಕರ ನ ಟಕ		india
S3-578159284	S3	LLC Hernandez Colonial Redwood	llc hernandez colonial redwood	llc hernandez colonial redwood	2260- Housecreek Trail, Unit 407, Raleigh, North Carolina	2260 housecreek trail unit 407 raleigh north carolina		us
S3-121412624	S3	Classic Equity Partners Group	classic equity partners group	classic equity partners group	6885 Catalpa Bluff Ln, PO Box 5799, Dickinson, Texas	6885 catalpa bluff lane po box 5799 dickinson texas		us
S3-249416830	S3	Ectolumdrex dba X+ Madison Inc	ectolumdrex dba x madison	ectolumdrex dba x madison incorporated	S03575 Cty Tk M, Town Of Buffalo, WI	s03575 cty tk m town of buffalo wi		us
S3-107644605	S3	Animal Hanisch Hospirlg	animal hanisch hospirlg	animal hanisch hospirlg	##8 Willow Oak Lane, Fl. 0, Saint Louis, Missouri	8 willow oak lane fl 0 saint louis missouri		us
S3-160217003	S3	Gomez Optimal	gomez optimal	gomez optimal	343 Hempstead 161, Hope, Arkansas	343 hempstead 161 hope arkansas		us
